variable;Total;q25;median;mean;sd;q75;q99;skew;kurtosis
Female;8066;1;2;2.20865279299014;1.5426917122064;3;6;0.717163278595526;3.46656079769082
Male;6211;1;2;1.70071193866375;1.32996130872517;2;5;0.782202085158239;3.56533268656079
SixtyFivePlus;7992;1;2;2.18838992332968;1.52046099093845;3;6;0.72924548772716;3.48450318969449
TenToSixtyFour;6165;1;1;1.6881161007667;1.38602053651053;2;6;0.855794924494103;3.6907085769567
death_count;14291;2;4;3.9131982475356;2.10875779736577;5;10;0.579667704204691;3.32734863510612
no2;NA;8.13408234782531;11.6979808169314;14.7765413978471;10.8672182712647;17.6305537760417;57.8696322876603;2.05836447028298;8.27704180128145
pm10;NA;22.4240572916666;39.8510551683419;53.7031027206577;43.2950191939433;73.0663197179343;195.192790878324;1.51799091587148;5.55554118640786
pm2.5;NA;11.5085047758866;19.5988096461618;25.4171490417929;20.8373239466814;31.667884765625;96.0145530240114;1.96424388577638;8.59785485710262
so2;NA;5.25957278425199;8.33558282392553;10.2478512959002;7.27924017624759;13.1808490696089;36.2198650179839;1.75939760372494;7.70015272813895
