variable;Total;q25;median;mean;sd;q75;q99;skew;kurtosis
Female;6096;1;1;1.66922234392114;1.57044224663922;2;7;1.31887498384111;5.29667933004432
Male;6986;1;2;1.91292442497262;1.64604969111862;3;7;1.09677183190051;4.36254158454359
SixtyFivePlus;3383;0;1;0.926341730558598;1.01740346594784;1;4;1.23856172546816;4.83041217514598
TenToSixtyFour;8026;1;2;2.19769989047097;1.96931129690962;3;8;1.2391575264562;4.87236703573725
death_count;13105;2;3;3.58844468784228;2.5680778666713;5;11;1.01186495302605;4.01862595472334
no2;NA;8.13408234782531;11.6979808169314;14.7765413978471;10.8672182712647;17.6305537760417;57.8696322876603;2.05836447028298;8.27704180128145
pm10;NA;22.4240572916666;39.8510551683419;53.7031027206577;43.2950191939433;73.0663197179343;195.192790878324;1.51799091587148;5.55554118640786
pm2.5;NA;11.5085047758866;19.5988096461618;25.4171490417929;20.8373239466814;31.667884765625;96.0145530240114;1.96424388577638;8.59785485710262
so2;NA;5.25957278425199;8.33558282392553;10.2478512959002;7.27924017624759;13.1808490696089;36.2198650179839;1.75939760372494;7.70015272813895
