variable;Total;q25;median;mean;sd;q75;q99;skew;kurtosis
Female;6096;1;1;1.66922234392114;1.57044224663922;2;7;1.31887498384111;5.29667933004432
Male;6986;1;2;1.91292442497262;1.64604969111862;3;7;1.09677183190051;4.36254158454359
SixtyFivePlus;3383;0;1;0.926341730558598;1.01740346594784;1;4;1.23856172546816;4.83041217514598
TenToSixtyFour;8026;1;2;2.19769989047097;1.96931129690962;3;8;1.2391575264562;4.87236703573725
death_count;13105;2;3;3.58844468784228;2.5680778666713;5;11;1.01186495302605;4.01862595472334
