variable;Total;q25;median;mean;sd;q75;q99;skew;kurtosis
Female;7341;1;2;2.01013143483023;1.54885960441931;3;7;0.8753143292442;3.88140888724933
Male;8464;1;2;2.31763417305586;1.67403556075849;3;7;0.85972350939449;3.76608269769067
SixtyFivePlus;4073;0;1;1.11527929901424;1.09884870593296;2;4;1.0964606963784;4.478318645494
TenToSixtyFour;10081;1;2;2.76040525739321;1.94609319361109;4;9;0.894240676111961;3.82469701199513
death_count;15837;3;4;4.33652792990142;2.48101016560557;6;11;0.783313331468006;3.79693577120207
no2;NA;8.3283515625;11.8751125247042;13.9413540557757;7.50113272328117;18.1745256130416;37.6994895833333;1.22348865429784;4.71295962716232
pm10;NA;19.4553043980902;34.6845836896354;43.4386311228893;31.9108477510542;58.9340526850048;143.666007291666;1.49216727999273;6.38760633054078
pm2.5;NA;11.1542395833333;18.6982731884188;22.7620417546589;15.7656854597718;30.7002355161158;74.1355553222262;1.3844292248166;5.36421697774943
so2;NA;5.78315924967785;9.45798954227093;11.8584771860971;8.5614457273932;15.400515625;40.2889335972762;1.59214226965118;6.28966920454407
