variable;Total;q25;median;mean;sd;q75;q99;skew;kurtosis
Female;7341;1;2;2.01013143483023;1.54885960441931;3;7;0.8753143292442;3.88140888724933
Male;8464;1;2;2.31763417305586;1.67403556075849;3;7;0.85972350939449;3.76608269769067
SixtyFivePlus;4073;0;1;1.11527929901424;1.09884870593296;2;4;1.0964606963784;4.478318645494
TenToSixtyFour;10081;1;2;2.76040525739321;1.94609319361109;4;9;0.894240676111961;3.82469701199513
death_count;15837;3;4;4.33652792990142;2.48101016560557;6;11;0.783313331468006;3.79693577120207
