variable;Total;q25;median;mean;sd;q75;q99;skew;kurtosis
Female;10328;2;3;2.82803943044907;1.6906795557596;4;7;0.615497394563351;3.28528369400827
Male;9202;1;2;2.5197152245345;1.6316155817754;4;7;0.644476059164561;3.39707000769709
SixtyFivePlus;11307;2;3;3.0961117196057;1.80167492498243;4;8;0.603236631707884;3.27279704552938
TenToSixtyFour;8105;1;2;2.21933187294633;1.52683610026307;3;7;0.744678588044224;3.58859602820151
death_count;19567;4;5;5.3578860898138;2.38600657104219;7;12;0.458535055993944;3.11613457526603
no2;NA;8.3283515625;11.8751125247042;13.9413540557757;7.50113272328117;18.1745256130416;37.6994895833333;1.22348865429784;4.71295962716232
pm10;NA;19.4553043980902;34.6845836896354;43.4386311228893;31.9108477510542;58.9340526850048;143.666007291666;1.49216727999273;6.38760633054078
pm2.5;NA;11.1542395833333;18.6982731884188;22.7620417546589;15.7656854597718;30.7002355161158;74.1355553222262;1.3844292248166;5.36421697774943
so2;NA;5.78315924967785;9.45798954227093;11.8584771860971;8.5614457273932;15.400515625;40.2889335972762;1.59214226965118;6.28966920454407
